{"text": " don't you want this don't you don't you want this if you want this you have to you have to stop with this that's it that's the thing that's just", "segments": [{"id": 0, "seek": 0, "start": 0.0, "end": 9.52, "text": " don't you want this don't you don't you want this if you want this you have to", "tokens": [50364, 500, 380, 291, 528, 341, 500, 380, 291, 500, 380, 291, 528, 341, 498, 291, 528, 341, 291, 362, 281, 50840], "temperature": 0.0, "avg_logprob": -0.22788175722447837, "compression_ratio": 1.8, "no_speech_prob": 0.09257758408784866}, {"id": 1, "seek": 0, "start": 9.52, "end": 13.36, "text": " you have to stop with this that's it that's the thing that's just", "tokens": [50840, 291, 362, 281, 1590, 365, 341, 300, 311, 309, 300, 311, 264, 551, 300, 311, 445, 51032], "temperature": 0.0, "avg_logprob": -0.22788175722447837, "compression_ratio": 1.8, "no_speech_prob": 0.09257758408784866}], "language": "en"}